<?xml version="1.0" encoding="UTF-8"?>
<root>
  <item name="com.antoniotari.reactiveampache.api.RawRequest com.antoniotari.reactiveampache.models.SongsResponse createPlaylist(java.lang.String, java.lang.String, java.lang.String) 2">
    <annotation name="android.support.annotation.StringDef">
      <val name="value" val="{com.antoniotari.reactiveampache.api.RawRequest.PlaylistType.PUBLIC, com.antoniotari.reactiveampache.api.RawRequest.PlaylistType.PRIVATE}" />
    </annotation>
  </item>
  <item name="com.antoniotari.reactiveampache.api.RawRequest java.lang.String getRequest(java.lang.String, int) 1">
    <annotation name="android.support.annotation.IntDef">
      <val name="value" val="{com.antoniotari.reactiveampache.api.RawRequest.Timeout.LONG_TIMEOUT, com.antoniotari.reactiveampache.api.RawRequest.Timeout.MEDIUM_TIMEOUT, com.antoniotari.reactiveampache.api.RawRequest.Timeout.SHORT_TIMEOUT}" />
    </annotation>
  </item>
</root>

